id,es,en,location,button,references
title,"La Fábrica Colapsada","La Fábrica Colapsada (The Collapsed Factory)",index.html,,
menu0,"Visita:","Go to:",index.html,,
menu1,"Datos","Data",index.html,earthquake-event.html,
menu2,"I ","I ",index.html,act1.html,
menu3,"La Casa","The House",index.html,act1.html,
menu4,"II ","II ",index.html,act2-Part1.html,
menu5,"La Tierra/El Agua","The Land/Water",index.html,act2-Part1.html,
menu6,"III ","III ",index.html,act3.html,
menu7,"La Fábrica","The Factory",index.html,act3.html,
menu8,"Introducción","Introduction",index.html,act3.html,
menu9,"Epílogo","Epilogue",index.html,act3.html,
index1,"El 19 de septiembre de 1985, un terremoto de 8.1 grados en la escala de Richter sacudió la Ciudad de México durante 120 segundos. Las secuelas fueron abrumadoras: 412 edificios colapsaron y 5728 resultaron gravemente dañados. El número de muertos sigue siendo incierto: según la Secretaría de la Defensa Nacional de México, 2000 personas murieron en el terremoto; el Instituto Nacional de Salud sostiene que estas cifras son más probablemente entre 3000 y 6000, mientras que algunos periodistas cuentan más de 20,000 muertes. El Estado mexicano fue superado por la magnitud de la tragedia, pero rechazó la ayuda (intervención) de la comunidad internacional, excepto un nuevo préstamo del FMI, por supuesto. La incapacidad del gobierno para actuar tras el terremoto activó una red de solidaridad entre los ciudadanos que se convirtió en la base de una sociedad civil y sería clave para futuros cambios políticos en la ciudad y en todo el país.","On September 19th,1985, an earthquake of 8.1 degrees on the Richter scale shook Mexico City for 120 seconds. The aftermath was overwhelming: 412 buildings collapsed and 5728 were significantly damaged. The death count remains uncertain: according to the Mexican Secretary for National Defence, 2000 people died in the earthquake; the National Health Institute claims these numbers are more likely between 3000 and 6000, whereas some journalists count over 20,000 fatalities. The Mexican State was surpassed by the magnitude of the tragedy yet rejected help (intervention) from the international community - except a new IMF loan, of course. The inability of the government to act in the aftermath of the earthquake activated a network of solidarity among citizens that became the basis for a civil society and would become key for future political changes in the city and the country as a whole.",index.html,,
index2,"Alrededor de la 1 de la tarde del 19 de septiembre de 2017, dos horas después del simulacro de evacuación que conmemora el terremoto de 1985 (19-S I), un terremoto de menor intensidad (7.1 grados en la escala de Richter) pero con un epicentro más cercano a la capital del país volvió a sacudir a los habitantes de la Ciudad de México. Alrededor de 50 edificios colapsaron y más de 300 personas perdieron la vida. El terremoto no fue tan mortal ni intenso como el 19-S I, pero ciertamente fue el más destructivo desde entonces. Inmediatamente, la gente encendió radios viejas (ya que todas las demás formas de comunicación estaban fuera de servicio) y comenzó a reunirse en lo que se percibía como las áreas más afectadas de la ciudad para ayudar: llevando artículos útiles como equipo médico de primeros auxilios; herramientas para la remoción de escombros; agua y comida para las personas que trabajaban en los sitios. Colectivos de ciclistas se organizaron para transportar información y recursos de un lugar a otro; los hoteles facilitaron habitaciones para las personas que perdieron sus hogares; arquitectos diseñaron manuales para que la gente verificara si sus casas estaban en peligro de colapsar; ingenieros de audio usaron su equipo para escuchar posibles sobrevivientes bajo los escombros de algunos edificios.","Around 1pm on the 19th of September, in 2017, two hours after the ceremonial evacuation drill that commemorates the 1985 earthquake (19-S I), an earthquake of less intensity (7.1 degrees Richter) but with an epicentre closer to the capital of the country shook Mexico City's people again. Around 50 buildings collapsed, and more than 300 people lost their lives. The earthquake was not as deadly or intense as 19-S I but was certainly the most destructive since then. Immediately people turned on old radios (since all other forms of communication were down) and started gathering around what was perceived to be the most affected areas of the city to help: bringing in useful items like first response medical equipment; tools for debris removal; water and food for people working at the sites. Collectives of bike riders organised to transport information and resources from one location to another; hotels facilitated rooms for people that lost their homes; architects designed manuals for people to check if their homes were in danger of collapsing; audio engineers used their equipment to listen to possible survivors underneath the debris of some buildings.",index.html,,
index3,"Unos días antes de que el terremoto golpeara la Ciudad de México el 19 de septiembre de 2017, se registró un terremoto con una magnitud de 8.2 grados en la escala de Richter poco antes de la medianoche, con un epicentro a 133 km al suroeste de Pijijiapan en el estado de Chiapas. Este fue el terremoto más fuerte registrado con instrumentos científicos en la historia de México. Afectó al sur del país con víctimas mortales en Oaxaca, Chiapas y Tabasco. Los daños materiales fueron intensos y, hasta hoy, la gente sigue recuperándose de ello. La devastación del terremoto fue subestimada en México debido a la falta de atención que la gente presta a los acontecimientos en el sur del país o incluso fuera de la Ciudad de México.","A few days before the earthquake struck Mexico City on September 19, 2017, an earthquake with a magnitude of 8.2 degrees Richter was registered just before midnight, with an epicentre 133 km southwest of Pijijiapan in the state of Chiapas. This was the strongest earthquake registered with scientific instruments in the history of Mexico. It affected the south of the country with fatalities in Oaxaca, Chiapas and Tabasco. The material damage was intense and, until today, people are recovering from it. The devastation of the earthquake was undermined in Mexico because of the lack of care people give to things happening in the south of the country or even outside Mexico City.",index.html,,
index4,"Durante el terremoto de 2017, el 19 de septiembre, otras ciudades y pueblos también fueron afectados catastróficamente por el sismo. Ciudades como Cholula o Cuernavaca tuvieron víctimas mortales y pérdidas materiales. Sin embargo, la mayor atención se centró en la Ciudad de México.","During the 2017 earthquake, on September 19th, other cities and towns were also struck catastrophically by the earthquake. Cities like Cholula or Cuernavaca had fatalities as well as material losses. Yet the broader attention was given to Mexico City.",index.html,,
index5,"No me corresponde contar la historia de esos otros lugares. No centraré ni mi experiencia personal del terremoto de 2017 ni la historia de los edificios que cayeron en el barrio de mi infancia. Sin embargo, contaré las historias que hacen de la Ciudad de México (mi ciudad natal) el lugar de una lucha de clases que resuena en todo el mundo de maneras imprevistas. Hoy se puede decir que el Covid-19 ha sido un ensayo general para los 'desastres naturales' que vendrán en el siglo XXI. Dentro de unos años, seremos golpeados por más 'desastres naturales' y tendremos que elegir entre quedarnos en casa y obedecer o salir a las calles y, a través del conocimiento científico y la política emancipatoria, recuperar la tierra y el trabajo que nos roba el capitalismo. Las historias de la Ciudad de México pueden ser una inspiración para enfrentar el miedo con valentía y solidaridad y para hacer posibles muchos nuevos mundos.","It is not my position to tell the story of these other places. I will centre neither my personal experience of the 2017 earthquake nor even the story of the buildings that fell in my childhood neighbourhood. However, I will tell the stories that make Mexico City (my home town) the locus of a class struggle that resonates throughout the world in unforeseen ways. Today it can be said that Covid-19 has been a dress rehearsal for the 'natural disasters' to come in the 21st Century. In a few years from now, we will be struck by more 'natural disasters,' and we will have to choose to either stay at home and obey or go out to the streets and, through scientific knowledge and emancipatory politics, take back the land and labour that is stolen from us by capitalism. The stories of Mexico City can be an inspiration to confront fear with courage and solidarity and to make many new worlds possible.",index.html,,
earthquake1,"Datos sobre el terremoto","Earthquake Data",earthquake-event.html,,
earthquake2,"Rojo = Estación Sísmica parte de la red del Valle de México","Red = seismic stations part of the network of the Valley of Mexico",earthquake-event.html,,
earthquake3,"Café = Epicentro del terremoto del 2017","Brown = Epicentre of 2017 earthquake",earthquake-event.html,,
earthquake4,"Negro = Sitios de colapso de edificios","Black = Sites of collapsed buildings or structures",earthquake-event.html,,
earthquake5,"Verde = San Gregorio Atlapulco","Green = San Gregorio Atlapulco",earthquake-event.html,,
earthquake6,"Morado = Bolívar 168, esquina con Chimalpopoca","Purple = Bolívar 168, corner with Chimalpopoca",earthquake-event.html,,
earthquake7,"Azul = Casa de Los Pueblos 'Samir Flores Soberanes'","Blue = Casa de Los Pueblos 'Samir Flores Soberanes'",earthquake-event.html,,
earthquake8,"Estación Álvaro Obregón","Álvaro Obregón Station", ,,
earthquake9,"Estación Benito Juárez","Benito Juárez Station", ,,
earthquake10,"Estación Cuajimalpa","Cuajimalpa Station", ,,
earthquake11,"Estación Coyoacán","Coyoacán Station", ,,
earthquake12,"Estación Cuauhtémoc","Cuauhtémoc Station", ,,
earthquake13,"Estación Miguel Hidalgo","Miguel Hidalgo Station", ,,
earthquake14,"Estación Milpa Alta","Milpa Alta Station", ,,
earthquake15,"Estación Tláhuac","Tláhuac Station", ,,
earthquake16,"Estación Tlalpan","Tlalpan Station", ,,
earthquake17,"Estación Venustiano Carranza","Venustiano Carranza Station", ,,
earthquake18,"Colegio Enrique Rébsamen. 26 fallecidos.","Colegio Enrique Rébsamen. 26 fatalities.", ,,
earthquake19,"Amsterdam 107, colonia Condesa. 5 fallecidos.","Amsterdam 107, colonia Condesa. 5 fatalities.", ,,
earthquake20,"Eje 7, Emiliano Zapata. 7 personas rescatadas, 10 fallecidos.","Eje 7, Emiliano Zapata. 7 people rescued, 10 fatalities.", ,,
earthquake21,"Calzada del Hueso y Rancho Del Arco. 21 personas rescatadas, 8 fallecidos.","Calzada del Hueso y Rancho Del Arco. 21 people rescued, 8 fatalities.", ,,
earthquake22,"Escocia 4. 17 fallecidos.","Escocia 4. 17 fatalities.", ,,
earthquake23,"Álvaro Obregón 286. 28 personas rescatadas.","Alvaro Obregon 286. 28 rescued people.", ,,
earthquake24,"Tecnológico de Monterrey, Campus Ciudad de México. 5 fallecidos, 40 personas heridas.","Tecnológico de Monterrey, Campus Ciudad de México. 5 fatalities, 40 people wounded.", ,,
earthquake25,"Salamanca 107. 6 fallecidos.","Salamanca 107. 6 fatalities.", ,,
earthquake26,"Eje 3, Medellín 107. 1 fallecido.","Eje 3, Medellin 107. 1 fatality.", ,,
earthquake27,"Multifamiliar Tlalpan. 9 fallecidos. 19 personas rescatadas.","Multifamiliar Tlalpan. 9 fatalities. 19 people rescued.", ,,
earthquake28,"Coquimbo 911.","Coquimbo 911.", ,,
earthquake29,"Bretaña 90.","Bretaña 90.", ,,
earthquake30,"Emiliano Zapata 56, 2 fallecidos.","Emiliano Zapata 56, 2 fatalities.", ,,
earthquake31,"Enrique Rébsamen 241, 2 fallecidos.","Enrique Rebsamen 241, 2 fatalities.", ,,
earthquake32,"Niños Héroes de Chapultepec 177","Niños Héroes de Chapultepec 177", ,,
earthquake33,"Puebla 282. 2 fallecidos.","Puebla 282. 2 fatalities.", ,,
earthquake34,"Avenida Sonora 149. 1 fallecido.","Avenida Sonora 149. 1 fatality.", ,,
earthquake35,"Viaducto Presidente Miguel Alemán 106. 1 fallecido.","Viaducto Presidente Miguel Alemán 106. 1 fatality.", ,,
earthquake36,"Paseo Galias 47. 4 fallecidos.","Paseo Galias 47. 4 fatalities.", ,,
earthquake37,"Avenida Santa Ana 300. 3 fallecidos.","Avenida Santa Ana 300. 3 fatalities.", ,,
earthquake38,"Concepción Beistegui 1465.","Concepción Beistegui 1465.", ,,
earthquake39,"Saratoga 714.","Saratoga 714.", ,,
earthquake40,"Avenida 314 y Avenida 323.","Avenida 314 y Avenida 323.", ,,
earthquake41,"Avenida de las Torres 2050. 1 fallecido.","Avenida de las Torres 2050. 1 fatality.", ,,
earthquake42,"Balsas 18. 4 fallecidos.","Balsas 18. 4 fatalities.", ,,
earthquake43,"Calzada de la Viga 1756.","Calzada de la Viga 1756.", ,,
earthquake44,"Avenida de las Trancas 40. 3 fallecidos.","Avenida de las Trancas 40. 3 fatalities", ,,
earthquake45,"Calzada Nueva Xochimilco-Tulyehualco 191. 1 fallecido.","Calzada Nueva Xochimilco-Tulyehualco 191. 1 fatality", ,,
earthquake46,"Vicente Guerrero 40. 1 fallecido.","Vicente Guerrero 40. 1 fatality", ,,
earthquake47,"Avenida México s/n. 7 fallecidos.","Avenida México s/n. 7 fatalities.", ,,
earthquake48,"Cacaloac 4.","Cacaloac 4.", ,,
earthquake49,"Coahuila 10.","Coahuila 10.", ,,
earthquake50,"Edimburgo 4.","Edimburgo 4.", ,,
earthquake51,"Av. Hidalgo 62.","Av. Hidalgo 62.", ,,
earthquake52,"Cuauhtémoc 75.","Cuautemoc 75.", ,,
earthquake53,"Dakota 45.","Dakota 45.", ,,
earthquake54,"Av. División del Nte. 2863.","Av. División del Nte. 2863.", ,,
earthquake55,"Escocia 29.","Escocia 29.", ,,
earthquake56,"California 17 a 19.","California 17 a 19", ,,
earthquake57,"Calle de Antigua Taxqueña 1116.","Calle de Antigua Taxqueña 1116", ,,
earthquake58,"Calle de Antigua Taxqueña 70.","Calle de Antigua Taxqueña 70", ,,
earthquake59,"Av. Pacífico 223.","Av.Pacífico 223", ,,
earthquake60,"Av. Pacífico 250.","Av.Pacífico 250", ,,
earthquake61,"Cerro del Sombrero 107.","Cerro del Sombrero 107", ,,
earthquake62,"Av. Real de los Reyes 77.","Av. Real de los Reyes 77", ,,
earthquake63,"Jardín Centenario 8.","Jardín Centenario 8", ,,
earthquake64,"Fernández Leal 137.","Fernández Leal 137", ,,
earthquake65,"Av. Pacífico 35.","Av Pacífico 35", ,,
earthquake66,"Calzada de Tlalpan 2015.","Calz de Tlalpan 2015", ,,
earthquake67,"Calzada de Tlalpan 2015.","Calz de Tlalpan 2015", ,,
earthquake68,"Melchor Ocampo 202.","Melchor Ocampo 202", ,,
earthquake69,"Calzada de Miramontes 1868.","Calzada de Miramontes 1868", ,,
earthquake70,"Arturo Ibáñez 2-209.","Arturo Ibáñez 2-209", ,,
earthquake71,"Av. Miguel Ángel de Quevedo 981.","Av Miguel Ángel de Quevedo 981", ,,
earthquake72,"San Francisco Figuraco 23.","San Francisco Figuraco 23", ,,
earthquake73,"Epicentro del terremoto: El evento sísmico ocurrió a las 1:14:40 p.m. del 19 de septiembre de 2017, y tuvo una magnitud de 7.1Mw; El epicentro se ubicó en la frontera entre los estados de Puebla y Morelos, 12 km al sureste de Axochiapan, Morelos y a 120 km de la Ciudad de México. Las coordenadas del epicentro fueron 18.40 N de latitud y -98.72 W de longitud y una profundidad de 57 km.","Epicentre of earthquake: The seismic event occurred at 1:14:40 p.m. on September 19, 2017, and had a magnitude of 7.1Mw; The epicenter was located on the border between the states of Puebla and Morelos, 12 km southeast of Axochiapan, Morelos and 120 km from Mexico City. The coordinates of the epicenter were 18.40 N latitude and -98.72 W longitude and a depth of 57 km.",,,
act1_1,"Acto I - La Casa","Act I - The House", ,,
act1_2,"Ciudad de México","Mexico City", ,,
act1_3,"acercar","zoom in", ,,
act1_4,"Casa de los Pueblos y Comunidades Indígenas 'Samir Flores Soberanes'","Casa de los Pueblos y Comunidades Indígenas 'Samir Flores Soberanes'", ,,
act1_5,"La Casona","La Casona", ,,
act1_6,"Roma 18","Roma 18", ,,
act1_7,"Zacatecas 74","Zacatecas 74", ,,
act1_8,"Guanajuato 200","Guanajuato 200", ,,
act1_9,"Londres 7","Londres 7", ,,
act1_10,"Santiago Mexquititlán","Santiago Mexquititlán", ,,
act1_11,"Amilcingo Temoac","Amilcingo Temoac", ,,
act1_12,"Haz clic para ver la historia","Click for story", ,,
act1_13_CasaDeLosPueblos,"12 de octubre de 2020 – Los otomíes en la Ciudad de México, junto con otras comunidades indígenas dentro de la ciudad, controlan y ocupan el edificio del Instituto Nacional de los Pueblos Indígenas (INPI) en el sur de la ciudad. 'Frente a la indiferencia gubernamental, hemos resuelto que este inmueble lo arranquemos del patrimonio del gobierno federal y pase a ser patrimonio de los Pueblos y Comunidades Indígenas que integran el Congreso Nacional Indígena – Concejo Indígena de Gobierno'","October 12, 2020 – The Otomies in Mexico City, with other indigenous communities within the city, control and occupy the building of the Federal National Institute for Indigenous People (INPI) in the south of the city. 'In the face of government indifference, we have resolved that we remove this property from the assets of the federal government to be made into assets for the Indigenous Peoples and Communities that make up the National Indigenous Congress – Indigenous Government Council'",,,
act1_14_CasaDeLosPueblos,"13 de agosto de 2021 – Casi un año después de la toma del INPI, el edificio y sus actividades hacia una vivienda justa para la Ciudad de México son renombrados como La Casa de los Pueblos y Comunidades Indígenas 'Samir Flores Soberanes'","August 13, 2021 – Almost one year after the take-over of the INPI, the building, and its activities towards fair housing for Mexico City is renamed as The House of Peoples and Indigenous Communities Samir Flores Soberanes",,,
act1_15_CasaDeLosPueblos,"Febrero, 2022 – El Gobierno de México y el Gobierno de la Ciudad son llamados a un diálogo con los líderes en control de la Casa de los Pueblos y Comunidades Indígenas 'Samir Flores Soberanes'. El gobierno expresa un interés por recuperar algunas 'piezas de arte indígena invaluables' resguardadas en el edificio","February, 2022 – The Mexican Government and the City Government are called to a dialogue with the leaders in control of the House of the Peoples and Indigenous Communities 'Samir Flores Soberanes'. The government expresses an interest to recuperate some ‘invaluable indigenous art pieces’ safeguarded in the building",,,
act1_16_CasaDeLosPueblos,"22 de julio de 2023 – El gobierno corta la electricidad en la Casa 'Samir Flores Soberanes' en un intento de desalojo","July 22, 2023. Government cuts the electricity at the House of the Samir Flores Soberanes in an attempt to draw them out",,,
act1_17_CasaDeLosPueblos,"15 de octubre de 2023 – Dos días después del segundo aniversario de la toma del INPI y el establecimiento de la Casa del Pueblo Samir Flores, la policía ataca la casa en un intento por recuperar el edificio, pero fracasan. La gente controla la casa y, desde allí, se organizan y planifican para mejorar las condiciones de vivienda para todxs en la Ciudad de México","October 15, 2023 – Two days after the two year anniversary of the take-over of the INPI and the establishment of the Samir Flores House of the People, the police attacks the house in an attempt to take back the building, they fail. The people is in control of the house and, from there, they organise and strategise for better housing conditions for everybody in Mexico City",,,
act1_18_LaCasona,"15 de febrero de 2008 – Dos explosiones causadas por agentes anónimos 'obligan' a las autoridades a allanar la propiedad y arrestar a algunxs otomíes que vivían en el lugar conocido como La Casona en Av. Chapultepec 380","February 15, 2008 – Two explosions caused by anonymous agents ‘force’ authorities to raid the property and arrest some Otomí people living at the location known as La Casona in Av. Chapultepec 380",,,
act1_19_LaCasona,"19 de septiembre de 2017 – El terremoto expulsó a las calles a los habitantes de las propiedades (Roma 18, Zacatecas 74 y Guanajuato 200) en los barrios de Roma y Zona Rosa","September 19, 2017 – The earthquake pushed to the streets the inhabitants of the properties (Roma 18, Zacatecas 74, and Guanajuato 200) in Roma and Zona Rosa neighborhoods",,,
act1_20_LaCasona,"'Sabemos que el capital y el Estado están aprovechando la tragedia generada por los sismos del 7 y 19 de septiembre de 2017 para tratar de establecer un control social y territorial sobre las víctimas. Las y los mexicanos ya saben que el Estado favorece el cártel inmobiliario y puede despojarlos de sus terrenos en beneficio de la especulación y la ganancia capitalista'","""We know that big capital and the State are taking advantage of the tragedy generated by the earthquakes of September 7 and 19, 2017, to try to establish social and territorial control over the victims. Mexicans already know that the State favors the real estate cartel and can strip them of their land for the benefit of speculation and capitalist profit.""",,,
act1_21_Roma18,"19 de septiembre de 2017 – El terremoto expulsó a las calles a los habitantes de las propiedades (Roma 18, Zacatecas 74 y Guanajuato 200) en los barrios de Roma y Zona Rosa","September 19, 2017 – The earthquake pushed to the streets the inhabitants of the properties (Roma 18, Zacatecas 74, and Guanajuato 200) in Roma and Zona Rosa neighborhoods.",,,
act1_22_Roma18,"Septiembre, 2018 – Los otomíes son violentamente retirados de sus campamentos frente a la casa dañada donde deseaban reanudar sus residencias comunitarias en los barrios de Roma y Zona Rosa.","September, 2018 – Otomies are violently removed from their camps in front of the damaged house where they wished to resume their communal residencies in the Roma and Zona Rosa neighborhoods.",,,
act1_23_Zacatecas74,"19 de septiembre de 2017 – El terremoto expulsó a las calles a los habitantes de las propiedades (Roma 18, Zacatecas 74 y Guanajuato 200) en los barrios de Roma y Zona Rosa","September 19, 2017 – The earthquake pushed to the streets the inhabitants of the properties (Roma 18, Zacatecas 74, and Guanajuato 200) in Roma and Zona Rosa neighborhoods",,,
act1_24_Zacatecas74,"Marzo, 2020 – El inicio de la pandemia global detiene el proceso de normalización de vivienda de los otomíes, rompiendo cualquier posibilidad de un reconocimiento pacífico de sus comunidades y su pertenencia a la Ciudad de México.","March 2020 – The start of the global pandemic freezes the normalization of the Otomies housing process, breaking any possibility for a peaceful recognition of their communities and their belonging to Mexico City",,,
act1_25_Zacatecas74,"Diciembre, 2020 – El gobierno mexicano reconoce la expropiación de la propiedad por parte del pueblo en Zacatecas 74","December, 2020 – The Mexican government recognizes the people’s expropriation of the property in Zacatecas 74",,,
act1_26_Guanajuato200,"19 de septiembre de 2017 – El terremoto expulsó a las calles a los habitantes de las propiedades (Roma 18, Zacatecas 74 y Guanajuato 200) en los barrios de Roma y Zona Rosa","September 19, 2017 – The earthquake pushed to the streets the inhabitants of the properties (Roma 18, Zacatecas 74, and Guanajuato 200) in Roma and Zona Rosa neighborhoods.",,,
act1_27_Guanajuato200,"Marzo, 2020 – El inicio de la pandemia global detiene el proceso de normalización de vivienda de los otomíes, rompiendo cualquier posibilidad de un reconocimiento pacífico de sus comunidades y su pertenencia a la Ciudad de México.","March 2020 – The start of the global pandemic freezes the normalization of the Otomies housing process, breaking any possibility for a peaceful recognition of their communities and their belonging to Mexico City.",,,
act1_28_Londres7,"1985 – El edificio que albergaba al gobierno de la Segunda República Española en el exilio se daña y los últimos vestigios del Gobierno Socialista Resistiendo al Franquismo se pierden en los escombros.","1985 – The building hosting the Spanish Second Republic on Exile is damaged, and the last vestiges of the Socialist Government Resisting Franquismo are lost in the debris.",,,
act1_29_Londres7,"1996 – Inmigrantes otomíes ocupan varias casas en la Zona Rosa y La Roma. Una de estas casas es el antiguo edificio de la República Española.","1996 – Otomi immigrants occupy several houses in la Zona Rosa and La Roma. One of these houses is the old building of the Spanish Republic.",,,
act1_30_Londres7,"Septiembre, 2017 – La embajada y la casa de gobierno de la ex República Española, entre otras casas ocupadas por otomíes, son declaradas inhabitables. Las comunidades exigen al gobierno hacer habitable la casa una vez más y regularizar su situación de vivienda.","September, 2017 – The former embassy and government house of the Spanish Republic among other houses occupied by Otomies are deemed uninhabitable. The communities demand the government to make the house habitable once again and regularize their housing situation.",,,
act1_31_Amilcingo,"20 de febrero de 2019 – Samir Flores Soberanes, activista Nahua en defensa de la tierra y el agua, es asesinado. Fue asesinado por oponerse a un mal-llamado mega-proyecto de infraestructura promovido por el gobierno actual","February 20, 2019 – Samir Flores Soberanes, Nahua activist in defense of land and water, is murdered. He was blocking a so-called mega-project of infrastructure promoted by the current government",,,
act1_32_Mexquititlán,"19 de septiembre de 1985 – Después del terremoto, los habitantes de clase media de la Ciudad de México desalojaron el centro de la ciudad, considerado inseguro. Un grupo de otomíes de Santiago Mexquititlán (Querétaro, México) migran lentamente al deteriorado núcleo de la ciudad en busca de una vida mejor","September 19, 1985 – After the earthquake, middle-class inhabitants of Mexico City moved away from downtown Mexico City, as it was deemed insecure. An Otomí group of people from Santiago Mexquititlán (Querétaro, México) slowly but steadily migrated to the city’s rotting core in an attempt to live a better life",,,
act1_33_Mexquititlán,"'Vinimos a la ciudad porgue en el rancho estamosen la pobreza; nueve años viví en la calle, dormíamos en el Angel de la Independencia y en el camellón de avenida Chapultepec, junta al metro de Insurgentes. Pedíamos agua en los comercios  para lavar la ropa y para bañarnos, y cocinábamos en la calle con leña, En 1996 nos juntamos doce familias y nos venimos a meter a este predio, que entonces estaba vacío. Nos metimos para tener un lugar donde protegernos, porque en la calle hace mucho frío o calor, o llueve; además, sufrían mucho los niños y siempre traíamos cargando la ropa,  las cobijas, las tortillas y las muñecas que vendemos en la Zona Rosa. El terreno estaba lleno de escombros, piedras, polines y vigas: en unas pocas semanas ya habíamos coma 16 familias adentro. Un domingo temprano, cuando estábamos limpiando a algunos que emparejábamos un piso, se nos cayó una barda; uno se murió y dos fuimos a parar al hospital, y yo desde entonces quedé cojo. Por eso estamos aquí'","'We came to the city because on the ranch we are in poverty; For nine years I lived on the street, we slept in the Angel de la Independencia and in the median of Chapultepec Avenue, next to the Insurgentes metro. We asked for water in stores to wash clothes and bathe, and we cooked in the street with firewood. In 1996, twelve families got together and we moved into this property, which was empty at the time. We went inside to have a place to protect ourselves because in the street it is very cold or hot, or it is raining; Furthermore, the children suffered a lot and we always carried the clothes, blankets, tortillas, and dolls that we sell in the Zona Rosa. The land was full of rubble, stones, poles, and beams: in a few weeks, we already had about 16 families inside. One early Sunday, when some of us were cleaning and fixing a floor, a fence fell over us; One person died and two of us ended up in the hospital, and since then I became crippled. That's why we are here.'",,,
act2_Part1_1_Title,"Acto II (Parte I) - La Tierra","Act II (Part I) - The Land",,,
act2_Part1_2,"Ciudad de México","Mexico City",,,
act2_Part1_3,"acercarse","zoom in",,,
act2_Part1_4,"San Gregorio Atlapulco","San Gregorio Atlapulco",,,
act2_Part1_5,"Ejido de San Gregorio Atlapulco","Ejido de San Gregorio Atlapulco",,,
act2_Part1_6,"Sitio de Bloqueo","Site of Blockage",,,
act2_Part1_7,"Parte 2","Part 2",,,
act2_Part1_8,"Haga clic para la historia","Click for story",,,
act2_Part1_9_Atlapulco,"San Gregorio Atlapulco es un pueblo que precede a la imposición del orden colonial europeo. Es un ‘barrio’ de la Ciudad de México caracterizado por su relación con la tierra y el agua y su conocimiento de las plantas y animales que han sido fundamentales para el centro imperial de México desde los días mexicas hasta el orden neoliberal","San Gregorio Atlapulco is a town that pre-dates the imposition of the European colonial order. It is a ‘barrio’ of Mexico City characterised by its relationship with the land and the water and its knowledge of the plants and animals that have been fundamental for the imperial centre of Mexico from the Mexica days to the neoliberal order",,,
act2_Part1_10_Atlapulco,"Días antes del terremoto de 2017, la lluvia 'ablandó' la tierra, lo que la hizo vulnerable a las vibraciones sísmicas. Más de 300 hogares se volvieron inhabitables. La mayoría de los daños no se debieron a edificios defectuosos, sino a socavones provocados por la 'suavidad de la tierra'. El nivel de los canales de agua, característicos de este pueblo, disminuyó, una señal que preocupó profundamente a los habitantes de Atlapulco","Days before the 2017 earthquake, rain ‘softened’ the land, which made it vulnerable to the seismic vibrations. More than 300 homes became uninhabitable. Most of the damage was not due to faulty buildings, but to sinkholes provoked by the ‘softness of the land’. The level of the canals of water, characteristic of this town, was diminished - a sign that profoundly worried the inhabitants of Atlapulco",,,
act2_Part1_11_Atlapulco,"'Cuando ocurrió el terremoto de 1957, yo era muy pequeño y no recuerdo bien lo que pasó. Pero en 1985 fue más grande y recuerdo que hubo mucho daño en la ciudad. Pero este terremoto de 2017, este fue muy fuerte aquí en San Gregorio. Mi casa fue muy dañada aquí [sic] y están trabajando en la demolición. Mientras tanto, he estado con algunos parientes, pero me gustaría tener mi casa de nuevo'","'When the 1957 earthquake occurred, I was very little and I don't remember well what happened. But in 1985 it was bigger and I remember that there was a lot of damage in the city. But this 2017 earthquake, this one was very strong here in San Gregorio. My house was very damaged here [sic] and they are working on the demolition. Meanwhile, I have been with some relatives, but I would like to have my house again'",,,
act2_Part1_12_Ejido,"Este pueblo, desde los esfuerzos de redistribución de tierras de la Revolución Mexicana en 1922, ha tenido dos regímenes muy diferentes de 'propiedad' de la tierra: ejidal (tierra común para uso social) y privada. Dicho arreglo ha sido severamente comprometido por el avance de la propiedad privada a finales del siglo XX. Aquí, las chinampas (parches de tierra artificiales y flotantes utilizados para cultivar alimentos) han sido históricamente la forma en que la vida es sustentada por las personas que viven aquí. Recientemente, también, con el creciente problema de la escasez de suministro de agua en la Ciudad de México, el agua que da forma a la vida de la gente de San Gregorio está siendo extraída para abastecer a vecindarios más ricos","This town, since the land redistribution efforts of the Mexican Revolution in 1922, has had two very different regimes of land ‘ownership’: ejidal (common land for social use) and private. Such arrangement has been severely compromised by the advance of private property in the late 20th century. Here, the chinampas (artificial, floating, patches of land used to grow food) have historically been the way in which life is sustained by the people living here. Recently, as well, with the growing problem of water supply shortage to the wider Mexico City, the water that shapes the life of people from San Gregorio is being extracted to supply wealthier neighbourhoods",,,
act2_Part1_13_Ejido,"Atlapulco había sido considerado un lugar muy productivo que cultivaba lechuga, col rizada, verdolaga, brócoli, chile chicuarote, epazote, espinaca, calabacín y otras legumbres y verduras. Del mismo modo, se considera un centro importante para festividades como el Día de Muertos, el Día de la Candelaria y la fiesta patronal de San Gregorio Magno","Atlapulco had been considered a very productive place that grew lettuce, kale, verdolaga, broccoli, chili chicuarote, epazote, spinach, zucchini, and other legumes and vegetables. Similarly, it is considered an important centre for festivities like Día de Muertos, Día de la Candelaria and the patronal party for San Gregorio Magno",,,
act2_Part1_14_Bloqueo,"Las cosas cambiaron considerablemente después del terremoto. La mayor parte de la producción de ese año se perdió. Debido a la movilidad impedida, muchos de los productos que no se perdieron no pudieron llegar a sus consumidores. Las futuras cosechas estaban en peligro por el bajo flujo de agua en los canales","Things changed considerably after the earthquake. Most of that year’s produce was lost. Because of the impeded mobility, many of the products that were not lost were unable to reach their consumers. Future crops were endangered by the low water flow in the canals",,,
act2_Part1_15_Bloqueo,"Comenzaron a aparecer socavones y no solo por la lluvia combinada con los terremotos. Las autoridades federales en México habían comenzado a extraer agua de San Gregorio y usarlo como alcantarillado para satisfacer las necesidades de agua y eliminación de desechos de otras partes de la Ciudad de México. No está claro cuál fue el papel de esta extracción poco documentada y opaca como consecuencias del terremoto de 2017. Si la extracción continúa, aparecerán otros socavones y los niveles de agua disminuirán aún más, haciendo imposible la agricultura","Sinkholes began appearing not only because of rain combined with earthquakes. The Federal authorities in Mexico had started to extract water from San Gregorio and use it as a sewer to meet the water and waste disposal needs of other parts of Mexico City. It remains unclear what was the role of this under-documented and opaque extraction as consequences of the 2017 earthquake. If extraction continues, other sinkholes will appear and the water levels will diminish further making agriculture impossible",,,
act2_Part2_0_Title,"Acto II (Parte II) - El Agua","Act II (Part 2) - The Water",,,
act2_Part2_1_MexicoCity,"Ciudad de México","Mexico City",,,
act2_Part2_2_zoomIn,"acercar","zoom in",,,
act2_Part2_3_CasaDeLosPueblos,"Casa de los Pueblos ""Samir Flores Soberanes""","Casa de los Pueblos ""Samir Flores Soberanes""",,,
act2_Part2_4_Zacatepec,"Santa María Zacatepec","Santa María Zacatepec",,,
act2_Part2_5_Mexquititlán,"Santiago Mexquititlán","Santiago Mexquititlán",,,
act2_Part2_6_Atlapulco,"San Gregorio Atlapulco","San Gregorio Atlapulco",,,
act2_Part2_7_Part1,"Parte 1","Part 1",,,
act2_Part2_8_ClickforStory,"Haz clic para la historia","Click for story",,,
act2_Part2_9_CasaDeLosPueblos,"Desde 2022, la gente de San Gregorio Atlapulco ha comenzado a organizarse contra la explotación del agua que pone en peligro la vida y la tierra en su pueblo. En diciembre de 2022, la policía reprimió violentamente una protesta contra el proyecto hidroeléctrico del gobierno","Since 2022 the people of San Gregorio Atlapulco have started to organise against the exploitation of water that endangers life and land in their town. In December 2022, police violently suppressed a protest against the hydro project of the government",,,
act2_Part2_10_CasaDeLosPueblos,"En una reunión en la Casa de los Pueblos Samir Flores en junio de 2023, hubo consenso para organizar la Tercera Asamblea Nacional por el Agua y la Vida","In a meeting at the Samir Flores House of the People in June 2023, there was a consensus to organise the Third National Assembly for Water and Life",,,
act2_Part2_11_Mexquititlán,"La Segunda Asamblea Nacional por el Agua y la Vida se celebró en Santiago Mexquititlán","The Second National Assembly for Water and Life was held at Santiago Mexquititlán",,,
act2_Part2_12_Zacatepec,"La Primera Asamblea Nacional por el Agua y la Vida se celebró en Santa María Zacatepec","The First National Assembly for Water and Life was held at Santa María Zacatepec",,,
act2_Part2_13_Atlapulco,"La Tercera Asamblea por el Agua y la Vida se celebró aquí. Un tema discutido son las nuevas formas de despojo experimentadas en el sur de la Ciudad de México, identificadas como gentrificación y turistificación","The Third Assembly for the Water and Life was held here. One topic discussed are the new forms of dispossession experienced in the south of Mexico City, identified as gentrification and turistification",,,
act2_Part2_14_Atlapulco,"'Ahora buscan convertir la chinampa en jardines de entretenimiento para extranjeros y privilegiados'","Now they are looking to convert the chinampa into entertainment gardens for foreigners and the privileged",,,
act2_Part2_15_Atlapulco,"En estas asambleas, las luchas por la vivienda, la tierra y el agua se están convirtiendo en una y la misma lucha. Se discuten ideas sobre la tierra comunal y la supresión de la propiedad privada como una realidad basada en figuras legales existentes","In these assemblies, the struggles for housing, land, and water are becoming one and the same struggle. Ideas about communal land and the suppression of private property are discussed as a reality grounded in legal, existing figures",,,
act2_Part2_16_Atlapulco,"La tierra, el agua y la vivienda no se reconocen, sino que se reclaman","Land, water, and housing are not acknowledged but rather claimed back",,,
act3_0_Title,"Acto III - La Fábrica","Act III - The Factory",,,
act3_1_MexicoCity,"Ciudad de México","Mexico City",,,
act3_2_zoomIn,"acercar","zoom in",,,
act3_3_OldlocationSanAntonioAbadTextileWorkshop,"Antigua ubicación del Taller Textil San Antonio Abad","Old location of the San Antonio Abad Textile Workshop",,,
act3_4_MetroSanAntonioAbad,"Metro San Antonio Abad","Metro San Antonio Abad",,,
act3_5_TopekaFactoryDisasterSite,"Sitio del Desastre de la Fábrica Topeka","Topeka Factory Disaster Site",,,
act3_6_BolívarAndChimalpopoca,"Bolívar y Chimalpopoca","Bolívar and Chimalpopoca",,,
act3_7_PuntoGozadera,"Punto Gozadera","Punto Gozadera",,,
act3_8_Epilogue,"Epílogo","Epilogue",,,
act3_9_Clickforstory,"Haz clic para la historia","Click for story",,,
act3_10_Clave,"Verde - sitio histórico de producción textil, morado - sitios relacionados con el terremoto de 1985, azul - sitios relacionados con el terremoto de 2017","Green - historic site of garment production, purple - sites related to the 1985 earthquake, blue - sites related to the 2017 earthquake",,,
act3_11_OldAbbey,"El distrito de producción de ropa tradicional en el Barrio Obrera (el barrio de los trabajadores) fue golpeado catastróficamente por el terremoto de 1985","The traditional garment production district in the Obrera Neighbourhood (The worker’s neighbourhood) was struck catastrophically in the earthquake of 1985",, ,
act3_12_OldAbbey,"Las fábricas en este barrio existen desde el siglo XIX. En 1822, al final de la guerra de independencia contra España, varios edificios de origen religioso se convirtieron en talleres textiles artesanales. Este era una abadía (la Abadía de San Antonio) transformada en un taller de fabricación textil. Ahora es vivienda social para las víctimas del terremoto de 1985","The factories in this neighbourhood exist since the 19th century. In 1822, at the end of the independence war against Spain, multiple buildings of religious origin were turned into artisanal textile workshops. This one was an abbey (San Antonio’s Abbey) transformed into a workshop for textile manufacturing. Now it is social housing for victims of the 1985 earthquake",,,
act3_13_OldAbbey,"A medida que la racionalidad moderna se afianzó en México en el siglo XX, gradualmente surgieron muchos edificios similares para el trabajo textil industrial. La mayoría de los trabajadores eran mujeres racializadas. Algunas de ellas inmigrantes de Centroamérica, muchas de ellas indígenas o de origen campesino de zonas rurales de México. Los procesos de despojo de tierras se manifestaban lentamente en la forma de una clase trabajadora explotada","As modern rationality took hold Mexico in the 20th century, gradually many similar buildings sprouted up for industrial textile work. Most of the workers were racialised women. Some of them immigrants from Central America, many of them indigenous or peasant-origin from rural Mexico. The processes of land dispossession were slowly manifesting in the form of an exploited working class",,,
act3_14_Metro,"El 23 de septiembre de 1985, varios compañeros sobrevivientes del desastre de la fábrica Topeka montaron campamento en la única carretera abierta al tráfico en Calzada de Tlalpan – donde estaban ubicadas varias fábricas textiles – protegiendo la maquinaria. Bajo el lema '¡Una costurera vale más que toda la maquinaria del mundo!', exigieron el pago de sus liquidaciones y compensación para las familias de las víctimas","On September 23 of 1985, several surviving companions of the Topeka factory disaster set up camp on the only road open to traffic on Calzada de Tlalpan – where several textile factories were located – protecting the machinery. Under the slogan 'A costurera (garment worker) is worth more than all the machinery in the world!', they demanded payment of their settlements and compensation for the families of the victims",,,
act3_15_Metro,"Las mujeres trabajadoras textiles se organizaron y fundaron el Sindicato de Costureras «19 de Septiembre». Las maquilas que NAFTA impuso a las mujeres mexicanas encontrarán resistencia de este sindicato durante el neoliberalismo","The women textile workers organised and founded the Sindicato de Costureras «19 de Septiembre» (Union of Textile Workers 19th of September). The maquilas that NAFTA imposed on Mexican women will meet resistance from this union during the Neoliberal era",,,
act3_16_Topeka,"El terremoto de 1985 colapsó muchos talleres textiles, destacando la fábrica Topeka en la calle Manuel José Othón casi en San Antonio Abad en el barrio Obrera. Entre 600 y 1600 mujeres trabajadoras murieron después de que el edificio de 12 pisos las aplastara. Con evidencia de mujeres vivas atrapadas en la fábrica, el gobierno utilizó maquinaria pesada para limpiar el sitio; Los cuerpos (vivos y muertos) de las mujeres fueron retirados como escombros en un intento del gobierno y los líderes de la industria para rescatar la 'valiosa' maquinaria de la fábrica recientemente modernizada","The earthquake of 1985 collapsed many textile workshops, prominently the Topeka factory on Manuel José Othón street near San Antonio Abad in the Obrera neighbourhood. Between 600 and 1600 women workers died after the 12-story building crushed them. With evidence of women being alive and trapped in the factory, the government used heavy machinery to clear the site; The (living and dead) bodies of women were removed as debris in an attempt by the government and industry leaders to rescue the 'valuable' machinery of the recently modernised factory",,,
act3_17_Topeka,"En 2006, el sindicato de trabajadoras textiles fundado por las sobrevivientes de 1985 se extinguió por falta de miembros. Sus líderes prominentes, que ganaron importantes batallas para los trabajadores y se convirtieron en un símbolo global de la lucha de las trabajadoras en todo el mundo, ya estaban retirados, muertos o se convirtieron en políticos profesionales. Algunas otras formaron una Asociación Civil para empoderar a las jóvenes interesadas en el trabajo textil con talleres y otras alternativas al trabajo sindicalizado. En enero de 2024, el edificio que albergaba al sindicato del 19 de septiembre fue entregado a los activistas sobrevivientes y ahora se utilizará permanentemente para apoyar a los trabajadores textiles","In 2006, the union of textile workers founded by the 1985 survivors was extinguished for lack of members. Its prominent leaders, who had won important battles for workers and stood as a global symbol of women worker struggle around the world, were either retired, dead, or became professional politicians. Some others formed a Civil Association to empower young women interested in textile work with workshops and other alternatives to unionised work. In January 2024, the building that hosted the September 19th union was given to the surviving activists and now is going to be used permanently for support of textile workers",,,
act3_18_Bolívar,"Después de conmemorar el terremoto de 1985 con un simulacro masivo en toda la ciudad, el 19 de septiembre de 2017, a las 13:14 horas, la tierra tembló nuevamente. Un nuevo terremoto colapsó el edificio en Bolívar y Chimalpopoca bajo el peso del capitalismo transnacional. Entre 50 y 100 personas quedaron atrapadas dentro del edificio. No hay forma de saber exactamente quiénes estaban dentro porque las personas que trabajaban allí lo hacían en condiciones no reguladas de abuso y explotación. Aquí muchos esperarían leer sobre la corrupción de las autoridades mexicanas. Pero no tiene sentido repetir ese tropo. La corrupción percibida del sur global solo puede existir en relación con la corrupción real, generalizada y más mortal que tiene un solo nombre: capitalismo","After commemorating the earthquake of 1985 with a massive city-wide earthquake drill, on September 19th of 2017, at 13:14 hours, the earth shook again. A new earthquake collapsed the building at Bolívar and Chimalpopoca under the weight of transnational capitalism. Between 50 and 100 people were trapped inside the building. There is no way to know exactly who was inside because the people working there were doing it in unregulated conditions of abuse and exploitation. Here many of you would expect to read about corruption of Mexican authorities. But there is no point to repeat that trope. The perceived corruption of the global south can only exist in relationship to the actual, pervasive and deadlier corruption that has one name only: (global, patriarchal, imperial, white-supremacist) capitalism",,,
act3_19_Bolívar,"El edificio tenía una fábrica textil, así como oficinas propiedad de empresarios argentino-israelíes y taiwaneses-paraguayos. Ambos vivían de la explotación de mujeres inmigrantes de Asia, Centroamérica y otras partes de México","The building had a textile factory as well as offices owned by Argentinian-Israeli and Taiwanese-Paraguayan business owners. Both lived off the exploitation of immigrant women from Asia, Central America, and other parts of Mexico",, ,
act3_20_Bolívar,"En los días siguientes, el sitio de la fábrica floreció con obras de arte, ofrendas, arreglos florales, colores y todo tipo de señales que permitieron a las mujeres llorar, amar, pensar, organizarse, enfurecerse y hacer lo que fuera necesario para sanar sus heridas","In the days to come, the site of the factory bloomed with art-works, offerings, flower arrangements, colours and all kinds of signs allowing women to mourn, love, think, organise, rage and whatever was necessary to heal their wounds",,,
act3_21_Gozadera,"La memoria de 1985 sigue resonando en la gente de la Ciudad de México. No solo porque se dieron apoyos y esfuerzos de lo que quedaba de los trabajadores organizados de 1985. Cerca del sitio de la fábrica, Punto Gozadera, un centro cultural y político feminista-anarquista, informado por la memoria de 1985, organizó brigadas feministas así como funcionó como un centro de operaciones para otras brigadas de voluntarios para ayudar en la remoción de escombros en busca de vida","The memory of 1985 keeps resonating within people in Mexico City. Not only because support and efforts were given from what remained of the organised workers of 1985. Close to the site of the factory, Punto Gozadera, a feminist-anarchist cultural and political centre, informed by the memory of 1985, organised feminist brigades as well as functioned as an operation centre for other brigades of volunteers to help in the removal of debris in search of life",,,
act3_22_Gozadera,"El ejército y la policía, presionados por inmensos intereses financieros, intentaron tomar el mando de los esfuerzos de rescate para ocultar las irregularidades del edificio en Bolívar 168, y recuperar (y proteger) la mayor cantidad de mercancía, materiales y documentos que pudieran beneficiar a las empresas y a sus propietarios. Las autoridades intentaron disuadir a los voluntarios utilizando las mismas tácticas de desinformación empleadas en 1985. Intentaron desalentar a la gente de reunirse en el sitio argumentando lo peligroso e inútil que era y que los voluntarios estorbaban a los equipos de rescate profesionales","The military and police, pressured by big financial interest, attempted to take command of the rescue efforts in order to obscure the irregularities of 168 Bolívar’s building, and recover (and guard) as much merchandise, materials and documents that could benefit the businesses and their (new) owners. The authorities tried to dissuade volunteers using the same disinformation tactics used in 1985. They tried to discourage people from gathering in the site arguing how dangerous it was, how useless and that volunteers were ‘on the way’ of professional rescue teams",,,
act3_23_Gozadera,"La orden de quedarse en casa fue superada por el deber de ayuda mutua, como ha sido antes y será en las crisis venideras","The order to stay at home was superseded by the duty to help each other as has been before and will be in the crises to come",,,
act3_24_Gozadera,"La batalla de la información fue perdida por el gobierno y la industria, ya que prevaleció la memoria frente al olvido. Al final, las autoridades solo pudieron usar la fuerza para dispersar a la brigada feminista y al resto de los voluntarios","The battle of information was lost by the government and industry to the presence of memories that refuse to be forgotten. At the end, the authorities were only able to use force to disperse the feminist brigade and the rest of the volunteers",,,
epilogo_1,"La fábrica de Bolívar y Chimalpopoca colapsó, y el tiempo colapsó también. En este tiempo de crisis nos encontramos con recuerdos indistinguibles del presente. El espacio también colapsó, Bolívar 168 se convirtió en San Antonio Abad. ¿Quién sabe qué otros tiempos y espacios también se estaban plegando en este punto crítico? De alguna manera, la gente de la Ciudad de México buscaba desesperadamente los cuerpos de trabajadores de entonces y de ahora... y quién sabe de qué otras geografías y calendarios","The factory of Bolívar and Chimalpopoca collapsed, time collapsed as well. In this crisis-time we encountered memories unfolding indistinguishably from the present. Space collapsed as well, Bolívar 168 became San Antonio Abad. Who knows what other times and spaces were also folding into this critical point. Somehow the people of Mexico City were desperately looking for the bodies of workers from then and from now... and who knows what other geographies and calendars",,,
epilogo_2,"Encontrar un cuerpo significaba encontrar todos los cuerpos, todas las personas aplastadas por el capitalismo","Finding a body meant to find all bodies, all people crushed by capitalism",,,
epilogo_3,"Regresar","Go Back",,,
footer1,"Referencias","References",,,
footer2,"Creditos","Credits",,,
referencias1_title,"Referencias","References",,,
referencias2_intro,"Introducción","Introduction",,,
referencias2_act1,"Acto I - La Casa","Act 1 - The House",,,
referencias2_act2_1,"Acto II (Parte I) - La Tierra","Act II (Part I) - The Earth",,,
referencias2_act2_2,"Acto II (Parte II) - El Agua","Act II (Part II) - The Water",,,
referencias2_act3,"Acto III - La Fábrica","Act III - The Factory",,,
referencias2_epilogue,"Epílogo","Epilogue",,,